fragments,R_info
1,0.7707700165042853
2,1.5571265584734308
4,3.1078640245479723
8,6.174578385791374
16,12.420922885484515
